"Date","Price","Open","High","Low","Vol.","Change %"
"05/03/2024","39.3513","39.5395","39.5395","39.3513","","-0.20%"
"05/02/2024","39.4310","39.6500","39.7004","39.4280","","-0.30%"
"05/01/2024","39.5510","39.6510","39.7503","39.4668","","-0.15%"
"04/30/2024","39.6110","39.6500","39.7266","39.4087","","0.28%"
"04/29/2024","39.5000","39.6500","39.7603","39.5250","","0.00%"
"04/26/2024","39.5000","39.5500","39.7408","39.5022","","-0.07%"
"04/25/2024","39.5257","39.5400","39.7618","39.4250","","-0.06%"
"04/24/2024","39.5510","39.5005","39.6691","39.2050","","0.13%"
"04/23/2024","39.5000","39.7250","39.8000","39.5402","","-0.25%"
"04/22/2024","39.6000","39.9000","39.9450","39.6423","","-0.56%"
"04/19/2024","39.8250","39.5500","39.9336","39.5350","","1.08%"
"04/18/2024","39.4000","39.5500","39.7648","39.4725","","-0.40%"
"04/17/2024","39.5600","39.5900","39.6752","39.4700","","0.03%"
"04/16/2024","39.5500","39.5900","39.7402","39.4775","","0.08%"
"04/15/2024","39.5200","39.3500","39.6564","39.3250","","0.82%"
"04/12/2024","39.2000","39.3000","39.5059","39.1500","","-0.08%"
"04/11/2024","39.2300","39.0225","39.4804","38.9300","","0.59%"
"04/10/2024","39.0000","38.9500","39.1311","38.9005","","0.13%"
"04/09/2024","38.9500","38.9500","39.1539","38.3100","","0.08%"
"04/08/2024","38.9190","38.8500","39.1329","38.8000","","0.24%"
"04/05/2024","38.8254","39.1000","39.1657","38.7500","","-0.32%"
"04/04/2024","38.9500","39.2000","39.3500","38.9445","","-0.54%"
"04/03/2024","39.1602","39.2500","39.4128","39.0620","","-0.25%"
"04/02/2024","39.2600","39.2000","39.4504","39.1000","","0.80%"
"04/01/2024","38.9500","39.1000","39.2678","38.9725","","0.00%"
"03/29/2024","38.9500","39.2500","39.2509","38.9380","","-0.38%"
"03/28/2024","39.1000","39.3000","39.4013","39.0655","","-0.28%"
"03/27/2024","39.2110","39.1500","39.4147","39.1225","","0.54%"
"03/26/2024","39.0000","39.3000","39.4429","39.0630","","-0.69%"
"03/25/2024","39.2700","39.1000","39.3189","39.0250","","0.56%"
"03/22/2024","39.0500","38.8114","39.1763","38.7275","","0.64%"
"03/21/2024","38.8000","39.1000","39.1113","38.8255","","-0.51%"
"03/20/2024","39.0000","39.1500","39.2360","39.0055","","0.00%"
"03/19/2024","39.0000","39.0000","39.2371","38.9500","","0.05%"
"03/18/2024","38.9800","38.8000","39.0650","38.7000","","0.46%"
"03/15/2024","38.8000","38.6750","38.8822","38.5955","","0.52%"
"03/14/2024","38.6000","38.8300","38.9082","38.5750","","-0.52%"
"03/13/2024","38.8000","38.5806","38.8637","38.5000","","0.98%"
"03/12/2024","38.4246","38.4000","38.6891","38.3550","","0.17%"
"03/11/2024","38.3600","38.2500","38.4756","38.2225","","0.42%"
"03/08/2024","38.2000","38.1250","38.2645","38.0250","","0.39%"
"03/07/2024","38.0500","38.2300","38.3800","38.0300","","-0.78%"
"03/06/2024","38.3500","38.3900","38.4529","38.1675","","-0.03%"
"03/05/2024","38.3600","38.3905","38.4684","38.0500","","0.16%"
"03/04/2024","38.3000","38.2000","38.4245","38.1200","","1.06%"
"03/01/2024","37.9000","38.0500","38.2246","38.0000","","0.00%"
"02/29/2024","37.9000","38.2000","38.2468","37.9350","","-0.73%"
"02/28/2024","38.1800","38.3000","38.3635","38.1253","","-0.21%"
"02/27/2024","38.2600","38.4000","38.5681","38.2240","","-0.23%"
"02/26/2024","38.3500","38.2915","38.4628","38.1925","","0.31%"
"02/23/2024","38.2300","38.4500","38.5405","38.1997","","-0.37%"
"02/22/2024","38.3706","38.5500","38.8175","38.2090","","-0.08%"
"02/21/2024","38.4000","38.4500","38.7145","38.4250","","-0.31%"
"02/20/2024","38.5200","38.3000","38.6264","38.2750","","0.58%"
"02/19/2024","38.2980","38.1500","38.3584","38.1000","","0.65%"
"02/16/2024","38.0500","37.8500","38.1713","37.7745","","0.93%"
"02/15/2024","37.7000","38.0500","38.1395","37.7755","","-0.53%"
"02/14/2024","37.9000","38.0500","38.2526","37.9650","","0.00%"
"02/13/2024","37.9000","38.0207","38.1903","37.9250","","-0.13%"
"02/12/2024","37.9500","37.7200","38.0738","37.6500","","0.74%"
"02/09/2024","37.6710","37.5750","37.7783","37.5375","","0.24%"
"02/08/2024","37.5800","37.7000","37.7304","37.5175","","0.08%"
"02/07/2024","37.5501","37.7000","37.7388","37.5550","","0.05%"
"02/06/2024","37.5310","37.5500","37.8500","37.5145","","-0.12%"
"02/05/2024","37.5750","37.5100","37.6659","37.4250","","0.23%"
"02/02/2024","37.4900","37.8500","37.8500","37.4695","","-0.56%"
"02/01/2024","37.7000","37.5700","37.8500","37.5055","","0.42%"
"01/31/2024","37.5405","37.7000","37.7768","37.4745","","-0.42%"
"01/30/2024","37.7000","37.8500","37.9652","37.6825","","-0.40%"
"01/29/2024","37.8505","37.7500","37.9498","37.7400","","0.29%"
"01/26/2024","37.7400","37.6000","37.8691","37.5750","","0.51%"
"01/25/2024","37.5500","37.5500","37.6703","37.4270","","0.40%"
"01/24/2024","37.4000","37.5500","37.6454","37.4350","","0.00%"
"01/23/2024","37.4000","37.4258","37.5410","37.3745","","-0.06%"
"01/22/2024","37.4206","37.5000","37.5629","37.4162","","-0.21%"
"01/19/2024","37.5000","37.7000","37.8054","37.5005","","-0.42%"
"01/18/2024","37.6600","37.9500","37.9686","37.6325","","-0.37%"
"01/17/2024","37.8000","37.9000","38.0279","37.7900","","-0.28%"
"01/16/2024","37.9079","37.9500","38.0354","37.8005","","0.29%"
"01/15/2024","37.8000","37.9500","38.0053","37.7725","","0.00%"
"01/12/2024","37.8000","37.8500","37.9868","37.7550","","0.00%"
"01/11/2024","37.8000","38.1500","38.2081","37.8000","","-0.47%"
"01/10/2024","37.9800","38.1500","38.2712","37.9695","","-0.26%"
"01/09/2024","38.0800","38.2200","38.3254","38.0645","","-0.16%"
"01/08/2024","38.1400","38.1000","38.3129","38.0200","","0.10%"
"01/05/2024","38.1000","38.0500","38.2542","37.9900","","-0.13%"
"01/04/2024","38.1500","38.0500","38.2014","37.9600","","0.05%"
"01/03/2024","38.1300","38.1600","38.2748","37.9750","","0.08%"
"01/02/2024","38.1000","38.0500","38.1878","37.9850","","0.53%"
"01/01/2024","37.9000","38.1500","38.2775","37.9396","","-0.39%"
"12/29/2023","38.0500","38.0000","38.2051","37.8680","","0.53%"
"12/28/2023","37.8500","37.8000","38.0904","37.0150","","0.16%"
"12/27/2023","37.7901","37.4760","37.8814","37.0150","","1.04%"
"12/26/2023","37.4000","37.6000","37.6166","37.0150","","-0.27%"
"12/25/2023","37.5000","37.6008","37.6928","37.0150","","-0.05%"
"12/22/2023","37.5200","37.6000","37.6978","37.0150","","-0.20%"
"12/21/2023","37.5950","37.6000","37.7678","37.0150","","-0.01%"
"12/20/2023","37.6000","37.4000","37.6677","37.0150","","0.80%"
"12/19/2023","37.3000","37.2200","37.4352","37.0150","","0.27%"
"12/18/2023","37.2000","37.0750","37.2363","37.0150","","0.40%"
"12/15/2023","37.0515","37.0000","37.0797","36.5150","","0.14%"
"12/14/2023","37.0000","37.0000","37.0650","36.9330","","-0.05%"
"12/13/2023","37.0200","37.0754","37.0989","36.3650","","0.08%"
"12/12/2023","36.9907","36.9000","37.0284","36.3650","","0.52%"
"12/11/2023","36.8000","36.6750","36.9605","36.3650","","0.41%"
"12/08/2023","36.6500","36.6500","36.8153","36.3650","","0.27%"
"12/07/2023","36.5500","36.7450","36.7579","36.6000","","0.00%"
"12/06/2023","36.5500","36.6500","36.7669","36.3650","","0.00%"
"12/05/2023","36.5500","36.5000","36.7983","36.3650","","0.41%"
"12/04/2023","36.4000","36.4900","36.5969","36.3650","","-0.11%"
"12/01/2023","36.4400","36.3500","36.5962","36.3480","","0.52%"
"11/30/2023","36.2500","36.3400","36.4170","36.2975","","-0.30%"
"11/29/2023","36.3600","36.3500","36.4379","36.1300","","0.30%"
"11/28/2023","36.2500","36.3101","36.4152","36.1300","","0.42%"
"11/27/2023","36.1000","36.1250","36.2979","36.0913","","0.42%"
"11/24/2023","35.9500","36.0750","36.5500","35.9875","","0.00%"
"11/23/2023","35.9500","36.0500","36.3350","35.9775","","0.00%"
"11/22/2023","35.9500","36.0806","36.3350","36.0005","","0.00%"
"11/21/2023","35.9500","36.0750","36.3350","35.9825","","0.00%"
"11/20/2023","35.9500","36.2500","36.5500","35.9745","","-0.55%"
"11/17/2023","36.1500","36.2500","36.3350","36.0675","","0.00%"
"11/16/2023","36.1500","36.3250","36.3600","36.1480","","0.00%"
"11/15/2023","36.1500","36.3200","36.3607","36.1550","","-0.44%"
"11/14/2023","36.3100","36.2750","36.7514","36.0450","","0.44%"
"11/13/2023","36.1500","36.1000","36.3220","36.0750","","0.42%"
"11/10/2023","36.0000","36.1000","36.7514","36.0350","","0.00%"
"11/09/2023","36.0000","36.0750","36.7514","36.0105","","-0.06%"
"11/08/2023","36.0200","36.0250","36.1345","35.9900","","0.06%"
"11/07/2023","36.0000","36.0750","36.7514","35.9625","","0.00%"
"11/06/2023","36.0000","36.1875","36.2350","36.0025","","-0.28%"
"11/03/2023","36.1000","36.3500","36.7514","36.1155","","-0.28%"
"11/02/2023","36.2000","36.5500","36.7514","36.2210","","-0.40%"
"11/01/2023","36.3450","36.3000","36.7514","36.2075","","0.40%"
"10/31/2023","36.2000","36.4000","36.7514","36.2175","","-0.28%"
"10/30/2023","36.3000","36.5000","36.5250","36.3175","","-0.33%"
"10/27/2023","36.4200","36.5500","36.7514","36.4025","","0.05%"
"10/26/2023","36.4000","36.6000","36.6275","36.4375","","-0.27%"
"10/25/2023","36.5000","36.5690","36.7522","36.4800","","-0.14%"
"10/24/2023","36.5500","36.6000","36.7687","36.5325","","0.14%"
"10/23/2023","36.5000","36.6000","36.7597","36.4975","","-0.05%"
"10/20/2023","36.5200","36.5675","36.7514","36.5075","","-0.05%"
"10/19/2023","36.5400","36.5250","36.7797","36.5200","","0.11%"
"10/18/2023","36.5000","36.4500","36.7797","36.4325","","0.39%"
"10/17/2023","36.3600","36.3750","36.7514","36.3675","","0.00%"
"10/16/2023","36.3600","36.7450","36.7514","36.3160","","0.00%"
"10/13/2023","36.3600","36.4450","36.7450","36.3525","","-0.19%"
"10/12/2023","36.4300","36.4450","36.7514","36.3915","","0.00%"
"10/11/2023","36.4300","36.4850","36.7514","36.4225","","-0.11%"
"10/10/2023","36.4700","36.7450","36.9272","36.4600","","-0.19%"
"10/09/2023","36.5400","36.6500","36.7672","36.5300","","-0.16%"
"10/06/2023","36.6000","36.6500","36.7672","36.5650","","0.00%"
"10/05/2023","36.6000","36.6500","36.7822","36.5725","","0.00%"
"10/04/2023","36.6000","36.6500","36.7771","36.5775","","0.00%"
"10/03/2023","36.6000","36.7495","36.9146","36.5650","","-0.89%"
"10/02/2023","36.9290","36.9315","36.9342","36.7450","","0.07%"
"09/29/2023","36.9050","36.9315","36.9365","36.7450","","0.94%"
"09/28/2023","36.5600","36.7450","36.9342","36.7450","","-1.00%"
"09/27/2023","36.9290","36.9315","36.9366","36.7450","","-0.01%"
"09/26/2023","36.9340","36.9315","36.9366","36.7450","","0.00%"
"09/25/2023","36.9340","36.9315","36.9342","36.7450","","0.00%"
"09/22/2023","36.9340","36.9315","36.9365","36.7450","","0.01%"
"09/21/2023","36.9290","36.7450","36.9342","36.7450","","0.00%"
"09/20/2023","36.9290","36.7450","36.9316","36.7450","","0.00%"
"09/19/2023","36.9300","36.7450","36.9366","36.7450","","0.00%"
"09/18/2023","36.9290","36.9315","36.9366","36.7450","","0.00%"
"09/15/2023","36.9290","36.7450","36.9342","36.7450","","0.00%"
"09/14/2023","36.9290","36.7450","36.9342","36.7450","","0.00%"
"09/13/2023","36.9290","36.9315","36.9342","36.7450","","0.00%"
"09/12/2023","36.9300","36.7450","36.9342","36.7450","","0.00%"
"09/11/2023","36.9290","36.9315","36.9366","36.7450","","0.08%"
"09/08/2023","36.9010","36.9272","36.9366","36.7450","","0.00%"
"09/07/2023","36.9010","36.7450","36.9342","36.7450","","-0.01%"
"09/06/2023","36.9050","36.7450","36.9366","36.7450","","-0.08%"
"09/05/2023","36.9342","36.7450","36.9342","36.7450","","1.00%"
"09/04/2023","36.5686","36.9315","36.9316","36.7450","","0.00%"
"09/01/2023","36.5686","36.7450","36.9365","36.7450","","-0.62%"
"08/31/2023","36.7950","36.9315","36.9365","36.7450","","-0.38%"
"08/30/2023","36.9340","36.9315","36.9365","36.7450","","0.00%"
"08/29/2023","36.9340","36.7450","36.9342","36.7450","","0.01%"
"08/28/2023","36.9290","36.7450","36.9342","36.7450","","0.10%"
"08/25/2023","36.8910","36.9315","36.9365","36.7450","","0.88%"
"08/24/2023","36.5686","36.7450","36.9342","36.7450","","-0.98%"
"08/23/2023","36.9290","36.7450","36.9342","36.7450","","0.99%"
"08/22/2023","36.5686","36.9315","36.9342","36.7450","","-0.98%"
"08/21/2023","36.9290","36.9315","36.9342","36.7450","","0.02%"
"08/18/2023","36.9200","36.7450","36.9365","36.7450","","-0.02%"
"08/17/2023","36.9290","36.7450","36.9342","36.7450","","-0.01%"
"08/16/2023","36.9342","36.7514","36.9342","36.7450","","0.01%"
"08/15/2023","36.9290","36.7514","36.9342","36.7513","","-0.01%"
"08/14/2023","36.9340","36.9315","36.9342","36.7513","","0.09%"
"08/11/2023","36.9010","36.9315","36.9316","36.7450","","0.93%"
"08/10/2023","36.5600","36.9315","36.9316","36.7450","","-0.90%"
"08/09/2023","36.8910","36.7450","36.9340","36.7450","","0.91%"
"08/08/2023","36.5600","36.9272","36.9316","36.7450","","-0.95%"
"08/07/2023","36.9110","36.9272","36.9340","36.7450","","-0.03%"
"08/04/2023","36.9210","36.7450","36.9365","36.7450","","0.08%"
"08/03/2023","36.8910","36.7450","36.9342","36.7450","","0.00%"
"08/02/2023","36.8910","36.7514","36.9365","36.7450","","0.88%"
"08/01/2023","36.5686","36.7450","36.9316","36.7450","","-0.98%"
"07/31/2023","36.9290","36.7450","36.9365","36.7450","","0.10%"
"07/28/2023","36.8910","36.9315","36.9365","36.7450","","-0.10%"
"07/27/2023","36.9290","36.7450","36.9366","36.7450","","0.00%"
"07/26/2023","36.9290","36.7450","36.9342","36.7450","","0.24%"
"07/25/2023","36.8410","36.7450","36.9360","36.7450","","-0.24%"
"07/24/2023","36.9290","36.9315","36.9342","36.7450","","0.08%"
"07/21/2023","36.9010","36.7514","36.9316","36.7450","","0.03%"
"07/20/2023","36.8910","36.9315","36.9345","36.7450","","0.88%"
"07/19/2023","36.5686","36.7450","36.7514","36.7450","","-0.99%"
"07/18/2023","36.9342","36.7514","36.9342","36.7450","","1.00%"
"07/17/2023","36.5686","36.9341","36.9341","36.7514","","0.02%"
"07/14/2023","36.5600","36.7514","36.9342","36.7450","","-0.99%"
"07/13/2023","36.9260","36.9315","36.9366","36.7450","","-0.02%"
"07/12/2023","36.9341","36.9315","36.9342","36.7450","","0.01%"
"07/11/2023","36.9290","36.7450","36.9366","36.7450","","-0.01%"
"07/10/2023","36.9342","36.7450","36.9342","36.7450","","0.02%"
"07/07/2023","36.9270","36.7450","36.9340","36.7450","","0.01%"
"07/06/2023","36.9250","36.9272","36.9365","36.7450","","0.97%"
"07/05/2023","36.5686","36.7450","36.9316","36.7450","","-0.99%"
"07/04/2023","36.9340","36.7450","36.9342","36.7450","","0.00%"
"07/03/2023","36.9340","36.7450","36.9342","36.7450","","1.00%"
"06/30/2023","36.5686","36.9315","36.9366","36.7450","","-0.98%"
"06/29/2023","36.9300","36.9272","36.9365","36.7450","","1.01%"
"06/28/2023","36.5600","36.9315","36.9342","36.7450","","-1.00%"
"06/27/2023","36.9290","36.7450","36.9342","36.7450","","0.02%"
"06/26/2023","36.9200","36.9342","36.9342","36.7450","","-0.01%"
"06/23/2023","36.9250","36.7450","36.9365","36.7450","","0.01%"
"06/22/2023","36.9200","36.7450","36.9342","36.7450","","-0.01%"
"06/21/2023","36.9250","36.7450","36.9365","36.7450","","-0.01%"
"06/20/2023","36.9300","36.7450","36.9342","36.7450","","-0.01%"
"06/19/2023","36.9340","36.7450","36.9342","36.7450","","0.24%"
"06/16/2023","36.8450","36.9365","36.9365","36.7450","","-0.20%"
"06/15/2023","36.9200","36.7450","36.9342","36.7450","","-0.01%"
"06/14/2023","36.9250","36.7450","36.9342","36.7450","","0.09%"
"06/13/2023","36.8910","36.7450","36.9366","36.7450","","0.91%"
"06/12/2023","36.5600","36.9221","36.9342","36.7450","","-0.99%"
"06/09/2023","36.9250","36.7450","36.9366","36.7450","","0.04%"
"06/08/2023","36.9100","36.9272","36.9366","36.7450","","0.15%"
"06/07/2023","36.8550","36.7450","36.9366","36.7450","","-0.20%"
"06/06/2023","36.9290","36.7450","36.9345","36.7450","","0.05%"
"06/05/2023","36.9100","36.9221","36.9342","36.7450","","-0.05%"
"06/02/2023","36.9290","36.7514","36.9366","36.7450","","-0.01%"
"06/01/2023","36.9342","36.7450","36.9342","36.7450","","0.11%"
"05/31/2023","36.8950","36.7450","36.9366","36.7450","","-0.09%"
"05/30/2023","36.9290","36.9315","36.9365","36.7450","","0.99%"
"05/29/2023","36.5686","36.7450","36.9342","36.7450","","-0.95%"
"05/26/2023","36.9200","36.7514","36.9342","36.7450","","-0.04%"
"05/25/2023","36.9341","36.7450","36.9342","36.7450","","0.01%"
"05/24/2023","36.9320","36.7450","36.9342","36.7450","","1.02%"
"05/23/2023","36.5600","36.9315","36.9366","36.7450","","-1.00%"
"05/22/2023","36.9300","36.9272","36.9342","36.7450","","0.00%"
"05/19/2023","36.9290","36.9315","36.9342","36.7450","","-0.01%"
"05/18/2023","36.9320","36.9315","36.9342","36.7450","","0.01%"
"05/17/2023","36.9300","36.9221","36.9366","36.7450","","0.00%"
"05/16/2023","36.9300","36.7450","36.9342","36.7450","","0.08%"
"05/15/2023","36.9000","36.9221","36.9342","36.7450","","-0.08%"
"05/12/2023","36.9300","36.7450","36.9342","36.7450","","0.24%"
"05/11/2023","36.8410","36.9221","36.9342","36.7450","","0.77%"
"05/10/2023","36.5600","36.7450","36.9272","36.7450","","-0.99%"
"05/09/2023","36.9260","36.9221","36.9365","36.7450","","-0.01%"
"05/08/2023","36.9300","36.9221","36.9342","36.7450","","0.04%"
"05/05/2023","36.9150","36.9221","36.9345","36.7450","","0.05%"
"05/04/2023","36.8950","36.9221","36.9355","36.7450","","-0.11%"
"05/03/2023","36.9340","36.7450","36.9342","36.7450","","0.01%"
"05/02/2023","36.9290","36.9221","36.9342","36.7450","","0.00%"
"05/01/2023","36.9300","36.9171","36.9366","36.7450","","0.08%"
"04/28/2023","36.9000","36.9315","36.9365","36.7325","","-0.08%"
"04/27/2023","36.9300","36.9221","36.9342","36.7450","","0.00%"
"04/26/2023","36.9300","36.9315","36.9342","36.7450","","0.00%"
"04/25/2023","36.9300","36.7450","36.9342","36.7450","","0.00%"
"04/24/2023","36.9300","36.7450","36.9342","36.7450","","0.00%"
"04/21/2023","36.9300","36.7450","36.9365","36.7450","","0.08%"
"04/20/2023","36.9000","36.9322","36.9339","36.7450","","-0.08%"
"04/19/2023","36.9300","36.9171","36.9345","36.7450","","0.00%"
"04/18/2023","36.9300","36.9171","36.9322","36.7450","","0.99%"
"04/17/2023","36.5686","36.9221","36.9316","36.7450","","-0.98%"
"04/14/2023","36.9300","36.7450","36.9322","36.7450","","0.00%"
"04/13/2023","36.9300","36.9221","36.9332","36.7450","","0.24%"
"04/12/2023","36.8410","36.7450","36.9365","36.7250","","-0.01%"
"04/11/2023","36.8450","36.9272","36.9365","36.7400","","-0.23%"
"04/10/2023","36.9300","36.7450","36.9322","36.7250","","0.22%"
"04/07/2023","36.8500","36.9150","36.9200","36.6200","","0.00%"
"04/06/2023","36.8500","36.7514","36.9272","36.6825","","0.05%"
"04/05/2023","36.8310","36.7450","36.9345","36.7450","","0.72%"
"04/04/2023","36.5686","36.7450","36.9322","36.7450","","0.00%"
"04/03/2023","36.5686","36.7450","36.9322","36.7450","","-0.92%"
"03/31/2023","36.9100","36.9221","36.9322","36.7450","","-0.05%"
"03/30/2023","36.9300","36.7450","36.9322","36.7450","","0.01%"
"03/29/2023","36.9250","36.9315","36.9345","36.7450","","0.26%"
"03/28/2023","36.8310","36.7450","36.9345","36.7450","","-0.27%"
"03/27/2023","36.9290","36.9315","36.9345","36.7450","","0.02%"
"03/24/2023","36.9200","36.7450","36.9357","36.7450","","-0.01%"
"03/23/2023","36.9250","36.9315","36.9316","36.7450","","0.01%"
"03/22/2023","36.9200","36.9296","36.9322","36.7450","","0.00%"
"03/21/2023","36.9200","36.9315","36.9357","36.7450","","-0.03%"
"03/20/2023","36.9300","36.7514","36.9342","36.7450","","0.00%"
"03/17/2023","36.9300","36.9315","36.9322","36.7450","","-0.01%"
"03/16/2023","36.9340","36.7450","36.9365","36.7450","","1.00%"
"03/15/2023","36.5686","36.9315","36.9316","36.7450","","-0.66%"
"03/14/2023","36.8110","36.9315","36.9340","36.7450","","-0.05%"
"03/13/2023","36.8310","36.7450","36.9316","36.7450","","-0.27%"
"03/10/2023","36.9290","36.9315","36.9316","36.7450","","0.09%"
"03/09/2023","36.8950","36.7450","36.9322","36.7450","","-0.09%"
"03/08/2023","36.9290","36.9315","36.9340","36.7450","","0.02%"
"03/07/2023","36.9200","36.7450","36.9340","36.7450","","0.04%"
"03/06/2023","36.9070","36.9315","36.9340","36.7270","","-0.06%"
"03/03/2023","36.9290","36.9315","36.9316","36.7450","","0.24%"
"03/02/2023","36.8410","36.7450","36.9345","36.7450","","-0.24%"
"03/01/2023","36.9290","36.9315","36.9340","36.7450","","0.00%"
"02/28/2023","36.9290","36.7450","36.9340","36.7450","","0.99%"
"02/27/2023","36.5686","36.9315","36.9340","36.7450","","0.00%"
"02/24/2023","36.5686","36.9315","36.9322","36.7450","","0.00%"
"02/23/2023","36.5686","36.7450","36.7514","36.7450","","0.00%"
"02/22/2023","36.5686","36.9315","36.9322","36.7450","","0.00%"
"02/21/2023","36.5686","36.7450","36.9316","36.7450","","-0.88%"
"02/20/2023","36.8950","36.9315","36.9340","36.7450","","0.92%"
"02/17/2023","36.5600","36.7514","36.7514","36.7450","","-1.00%"
"02/16/2023","36.9290","36.7450","36.9322","36.7450","","0.01%"
"02/15/2023","36.9250","36.9315","36.9316","36.7450","","1.00%"
"02/14/2023","36.5600","36.9315","36.9316","36.7450","","-0.96%"
"02/13/2023","36.9150","36.7450","36.9365","36.7450","","0.97%"
"02/10/2023","36.5600","36.7514","36.9316","36.7450","","-1.00%"
"02/09/2023","36.9300","36.7450","36.9322","36.7450","","0.99%"
"02/08/2023","36.5686","36.9315","36.9316","36.7450","","0.00%"
"02/07/2023","36.5686","36.9315","36.9322","36.7450","","0.00%"
"02/06/2023","36.5686","36.9315","36.9316","36.7450","","-0.99%"
"02/03/2023","36.9340","36.7450","36.9342","36.7450","","1.00%"
"02/02/2023","36.5686","36.7450","36.9322","36.7450","","-0.99%"
"02/01/2023","36.9325","36.9315","36.9334","36.7450","","0.01%"
"01/31/2023","36.9290","36.9315","36.9316","36.7450","","1.01%"
"01/30/2023","36.5600","36.7450","36.7450","36.7450","","-1.01%"
"01/27/2023","36.9340","36.9315","36.9345","36.7450","","0.09%"
"01/26/2023","36.9000","36.7450","36.9345","36.7450","","0.91%"
"01/25/2023","36.5686","36.9171","36.9171","36.7450","0.00K","-0.90%"
"01/24/2023","36.9000","36.9315","36.9316","36.7450","0.01K","-0.07%"
"01/23/2023","36.9250","36.9170","36.9316","36.7450","0.01K","0.07%"
"01/20/2023","36.9000","36.9315","36.9316","36.7450","0.00K","0.00%"
"01/19/2023","36.9000","36.7450","36.9316","36.7450","0.01K","0.91%"
"01/18/2023","36.5686","36.7450","36.7514","36.7450","0.00K","0.00%"
"01/17/2023","36.5686","36.7450","36.7514","36.7450","0.00K","0.02%"
"01/16/2023","36.5600","36.7450","36.7522","36.7450","0.00K","0.00%"
"01/13/2023","36.5600","36.7514","36.7514","36.7450","0.00K","-0.02%"
"01/12/2023","36.5686","36.7450","36.7514","36.7450","0.00K","0.00%"
"01/11/2023","36.5686","36.7450","36.7514","36.7450","0.00K","0.00%"
"01/10/2023","36.5686","36.7450","36.7514","36.7450","0.00K","0.00%"
"01/09/2023","36.5686","36.7522","36.9347","36.7450","0.10K","0.02%"
"01/06/2023","36.5600","36.7522","36.7522","36.7450","0.00K","-0.02%"
"01/05/2023","36.5686","36.7450","36.7514","36.7450","0.00K","0.00%"
"01/04/2023","36.5686","36.7450","36.7522","36.7450","0.00K","0.00%"
"01/03/2023","36.5686","36.7450","36.9171","36.7450","0.00K","-0.90%"
"01/02/2023","36.9000","36.9170","36.9171","36.7450","0.00K","0.00%"
"12/30/2022","36.9000","36.9315","36.9316","36.7450","0.00K","-0.08%"
"12/29/2022","36.9290","36.9315","36.9316","36.7450","0.00K","0.08%"
"12/28/2022","36.9000","36.9170","36.9316","36.7450","0.01K","0.00%"
"12/27/2022","36.9000","36.9170","36.9345","36.7450","0.01K","0.00%"
"12/26/2022","36.9000","36.7450","36.9316","36.7450","0.01K","-0.09%"
"12/23/2022","36.9342","36.9170","36.9347","36.7450","1.44K","0.09%"
"12/22/2022","36.9000","36.9320","36.9371","36.7450","1.27K","0.00%"
"12/21/2022","36.9000","36.9315","36.9345","36.7450","0.01K","0.00%"
"12/20/2022","36.9000","36.7450","36.9345","36.7450","0.01K","0.00%"
"12/19/2022","36.9000","36.7450","36.9347","36.7450","0.25K","0.00%"
"12/16/2022","36.9000","36.7450","36.9316","36.7450","0.01K","0.00%"
"12/15/2022","36.9000","36.9315","36.9316","36.7450","0.00K","0.93%"
"12/14/2022","36.5600","36.7450","36.9316","36.7450","0.01K","-0.92%"
"12/13/2022","36.9000","36.7450","36.9316","36.7450","0.01K","0.00%"
"12/12/2022","36.9000","36.7450","36.9345","36.7450","0.01K","0.93%"
"12/09/2022","36.5600","36.7514","36.7514","36.7450","0.00K","-0.92%"
"12/08/2022","36.9000","36.7450","36.9345","36.7450","0.01K","-0.08%"
"12/07/2022","36.9300","36.7450","36.9322","36.7450","0.21K","0.08%"
"12/06/2022","36.9000","36.9170","36.9345","36.7450","0.01K","0.00%"
"12/05/2022","36.9000","36.9315","36.9316","36.7450","0.01K","0.93%"
"12/02/2022","36.5600","36.9170","36.9171","36.7450","0.00K","0.00%"
"12/01/2022","36.5600","36.9170","36.9171","36.7450","0.01K","-1.00%"
"11/30/2022","36.9291","36.9315","36.9339","36.7326","0.90K","-0.01%"
"11/29/2022","36.9336","36.7170","36.9347","36.7150","0.13K","0.01%"
"11/28/2022","36.9300","36.7450","36.9347","36.7150","0.28K","0.00%"
"11/25/2022","36.9300","36.7170","36.9322","36.7150","0.14K","0.00%"
"11/24/2022","36.9300","36.7450","36.9322","36.7150","0.03K","0.00%"
"11/23/2022","36.9290","36.7170","36.9350","36.7150","0.12K","0.00%"
"11/22/2022","36.9290","36.9322","36.9340","36.7075","0.83K","0.00%"
"11/21/2022","36.9300","36.7170","36.9350","36.7150","0.59K","0.00%"
"11/18/2022","36.9300","36.9322","36.9350","36.7125","0.96K","0.00%"
"11/17/2022","36.9300","36.9170","36.9345","36.7300","2.40K","1.18%"
"11/16/2022","36.5000","36.7522","36.9371","36.6904","1.51K","0.00%"
"11/15/2022","36.5000","36.7514","36.9371","36.7150","0.74K","0.00%"
"11/14/2022","36.5000","36.7170","36.9316","36.7150","0.01K","0.00%"
"11/11/2022","36.5000","36.9322","36.9371","36.7150","1.18K","-1.16%"
"11/10/2022","36.9300","36.9322","36.9350","36.7150","0.95K","0.00%"
"11/09/2022","36.9300","36.7170","36.9369","36.5601","1.80K","1.18%"
"11/08/2022","36.5000","36.7450","36.9322","36.7150","0.01K","0.00%"
"11/07/2022","36.5000","36.7170","36.9316","36.7150","0.01K","-0.53%"
"11/04/2022","36.6950","36.9145","36.9350","36.7450","0.01K","0.53%"
"11/03/2022","36.5000","36.7450","36.9322","36.7150","0.01K","0.00%"
"11/02/2022","36.5000","36.9315","36.9316","36.7150","0.01K","-1.16%"
"11/01/2022","36.9300","36.7514","36.9333","36.7450","0.09K","1.18%"
"10/31/2022","36.5000","36.7170","36.9347","36.7001","1.24K","0.00%"
"10/28/2022","36.5000","36.7170","36.9200","36.6651","0.58K","0.00%"
"10/27/2022","36.5000","36.9322","36.9340","36.6501","2.89K","-1.16%"
"10/26/2022","36.9300","36.7514","36.9350","36.5825","0.70K","0.00%"
"10/25/2022","36.9300","36.7450","36.9371","36.7150","0.52K","0.01%"
"10/24/2022","36.9250","36.7450","36.9322","36.7450","0.01K","1.16%"
"10/21/2022","36.5000","36.9322","36.9322","36.7150","0.75K","-1.16%"
"10/20/2022","36.9300","36.9322","36.9347","36.7450","1.59K","0.00%"
"10/19/2022","36.9300","36.9322","36.9322","36.7150","0.94K","0.00%"
"10/18/2022","36.9300","36.7450","36.9322","36.7450","0.57K","0.00%"
"10/17/2022","36.9300","36.7170","36.9322","36.7150","0.02K","0.00%"
"10/14/2022","36.9300","36.9322","36.9322","36.7150","0.64K","0.00%"
"10/13/2022","36.9300","36.9322","36.9322","36.7150","0.95K","0.00%"
"10/12/2022","36.9300","36.9310","36.9350","36.7450","0.73K","0.00%"
"10/11/2022","36.9290","36.7514","36.9316","36.7300","0.01K","0.00%"
"10/10/2022","36.9290","36.9322","36.9350","36.7150","0.05K","0.00%"
"10/07/2022","36.9300","36.9322","36.9347","36.7300","2.00K","0.00%"
"10/06/2022","36.9300","36.7300","36.9371","36.7150","1.11K","-0.01%"
"10/05/2022","36.9335","36.7170","36.9347","36.7150","0.57K","1.19%"
"10/04/2022","36.5000","36.7170","36.9371","36.7001","0.27K","0.00%"
"10/03/2022","36.5000","36.7170","36.9346","36.7150","0.02K","-1.16%"
"09/30/2022","36.9300","36.9322","36.9350","36.7150","0.71K","0.00%"
"09/29/2022","36.9300","36.7300","36.9322","36.7150","0.58K","1.18%"
"09/28/2022","36.5000","36.7170","36.9316","36.7150","0.01K","0.00%"
"09/27/2022","36.5000","36.9315","36.9326","36.7150","0.25K","0.00%"
"09/26/2022","36.5000","36.7300","36.9371","36.7150","0.08K","0.00%"
"09/23/2022","36.5000","36.7300","36.9322","36.7150","0.01K","-1.16%"
"09/22/2022","36.9300","36.7300","36.9350","36.7150","0.01K","1.18%"
"09/21/2022","36.5000","36.7170","36.9370","36.7150","0.02K","-1.16%"
"09/20/2022","36.9300","36.7300","36.9370","36.7300","0.44K","0.00%"
"09/19/2022","36.9290","36.7300","36.9371","36.7300","0.47K","1.18%"
"09/16/2022","36.5000","36.7300","36.9371","36.6250","0.70K","0.00%"
"09/15/2022","36.5000","36.9322","36.9371","36.7150","0.77K","-1.16%"
"09/14/2022","36.9300","36.7300","36.9371","36.7150","1.52K","1.18%"
"09/13/2022","36.5000","36.7170","36.9371","36.7150","0.83K","0.00%"
"09/12/2022","36.5000","36.7300","36.9389","36.7150","0.45K","0.00%"
"09/09/2022","36.5000","36.7514","36.9371","36.7150","1.28K","0.00%"
"09/08/2022","36.5000","36.7170","36.9360","36.7101","1.12K","0.00%"
"09/07/2022","36.5000","36.7170","36.9371","36.6995","1.48K","-1.11%"
"09/06/2022","36.9100","36.7300","36.9353","36.7128","1.48K","1.12%"
"09/05/2022","36.5000","36.7300","36.9322","36.7150","0.01K","-1.15%"
"09/02/2022","36.9250","36.7300","36.9345","36.7150","0.05K","1.16%"
"09/01/2022","36.5000","36.7300","36.9371","36.7150","0.82K","0.00%"
"08/31/2022","36.5000","36.7170","36.9371","36.7001","1.51K","0.00%"
"08/30/2022","36.5000","36.7170","36.9300","36.6750","2.00K","0.00%"
"08/29/2022","36.5000","36.7300","36.9371","36.6750","0.96K","-0.19%"
"08/26/2022","36.5700","36.7300","36.9371","36.7150","1.75K","0.19%"
"08/25/2022","36.5000","36.7300","36.9371","36.7150","1.07K","0.00%"
"08/24/2022","36.5000","36.7300","36.9316","36.7150","0.01K","0.00%"
"08/23/2022","36.5000","36.5920","36.9370","36.5751","1.29K","-0.25%"
"08/22/2022","36.5920","36.5920","36.9327","36.5801","1.10K","0.06%"
"08/19/2022","36.5695","36.5920","36.9194","36.4251","1.85K","-0.06%"
"08/18/2022","36.5920","36.5920","36.9350","36.5000","1.88K","-0.73%"
"08/17/2022","36.8596","36.5920","36.9366","36.5751","1.33K","0.60%"
"08/16/2022","36.6410","36.5920","36.9370","36.5910","1.97K","0.13%"
"08/15/2022","36.5920","36.5920","36.9350","36.5000","0.62K","0.00%"
"08/12/2022","36.5920","36.5920","36.9347","36.5920","0.01K","0.00%"
"08/11/2022","36.5920","36.9295","36.9322","36.5920","0.01K","0.00%"
"08/10/2022","36.5920","36.9322","36.9371","36.5751","1.45K","-0.92%"
"08/09/2022","36.9300","36.9315","36.9360","36.6093","1.48K","0.92%"
"08/08/2022","36.5920","36.5920","36.9347","36.5920","0.09K","-0.90%"
"08/05/2022","36.9250","36.5920","36.9342","36.5920","0.09K","0.91%"
"08/04/2022","36.5920","36.5920","36.9371","36.5920","0.10K","0.00%"
"08/03/2022","36.5920","36.5920","36.9371","36.5915","0.24K","0.00%"
"08/02/2022","36.5920","36.5920","36.9371","36.5920","0.71K","0.00%"
"08/01/2022","36.5920","36.5920","36.9371","36.5751","0.71K","0.00%"
"07/29/2022","36.5920","36.8950","36.9314","36.5451","2.24K","-0.73%"
"07/28/2022","36.8600","36.7514","36.9174","36.5550","2.75K","-0.11%"
"07/27/2022","36.9000","36.5920","36.9325","36.5900","0.02K","0.54%"
"07/26/2022","36.7000","36.5920","36.9345","36.4275","0.23K","0.36%"
"07/25/2022","36.5686","36.7495","36.7514","36.4120","0.11K","0.00%"
"07/22/2022","36.5686","36.7500","36.7975","36.4125","0.06K","0.19%"
"07/21/2022","36.5000","29.5437","36.8475","29.3987","0.70K","23.56%"
"07/20/2022","29.5400","29.4000","29.5500","29.3987","0.59K","0.99%"
"07/19/2022","29.2500","29.5462","29.5500","29.3987","0.11K","-0.85%"
"07/18/2022","29.5000","29.5485","29.5500","29.3987","0.01K","0.85%"
"07/15/2022","29.2500","29.5462","29.5500","29.3987","0.01K","0.00%"
"07/14/2022","29.2500","29.5485","29.5500","29.3987","0.01K","0.00%"
"07/13/2022","29.2500","29.5437","29.5512","29.3987","0.08K","-0.98%"
"07/12/2022","29.5400","29.5485","29.5500","29.3987","0.29K","0.99%"
"07/11/2022","29.2500","29.5437","29.5500","29.3987","0.04K","-0.98%"
"07/08/2022","29.5400","29.4025","29.5485","29.3987","0.01K","0.00%"
"07/07/2022","29.5400","29.5437","29.5450","29.3987","0.60K","0.00%"
"07/06/2022","29.5400","29.4025","29.5475","29.3987","0.55K","0.00%"
"07/05/2022","29.5400","29.4000","29.5485","29.3987","0.02K","0.99%"
"07/04/2022","29.2500","29.4000","29.5485","29.3987","0.01K","0.00%"
"07/01/2022","29.2500","29.5437","29.5485","29.3987","0.01K","0.00%"
"06/30/2022","29.2500","29.4000","29.5475","29.3987","0.01K","-0.85%"
"06/29/2022","29.5000","29.5437","29.5450","29.3987","0.00K","0.00%"
"06/28/2022","29.5000","29.4000","29.5450","29.3987","0.00K","-0.14%"
"06/27/2022","29.5400","29.4000","29.5450","29.3987","0.01K","0.00%"
"06/24/2022","29.5400","29.5437","29.5485","29.3987","0.01K","0.00%"
"06/23/2022","29.5400","29.5485","29.5485","29.3987","0.01K","0.99%"
"06/22/2022","29.2500","29.4025","29.5485","29.3987","0.05K","0.00%"
"06/21/2022","29.2500","29.4000","29.5485","29.3987","0.01K","0.00%"
"06/20/2022","29.2500","29.5485","29.5485","29.3987","0.10K","-0.98%"
"06/17/2022","29.5400","29.4000","29.5500","29.3987","0.03K","-0.02%"
"06/16/2022","29.5450","29.4025","29.5500","29.3987","0.03K","1.01%"
"06/15/2022","29.2500","29.5437","29.5500","29.3987","0.89K","-0.98%"
"06/14/2022","29.5400","29.4000","29.5500","29.3987","0.70K","0.99%"
"06/13/2022","29.2500","29.5237","29.5500","29.3987","0.01K","-1.00%"
"06/10/2022","29.5450","29.4000","29.5500","29.3987","0.01K","0.00%"
"06/09/2022","29.5450","29.5437","29.5500","29.3987","0.75K","0.02%"
"06/08/2022","29.5400","29.4000","29.5450","29.3987","0.52K","-0.01%"
"06/07/2022","29.5420","29.4000","29.5485","29.3987","0.00K","0.14%"
"06/06/2022","29.5000","29.4000","29.5250","29.3987","0.00K","0.85%"
"06/03/2022","29.2500","29.4000","29.5250","29.3987","0.01K","0.00%"
"06/02/2022","29.2500","29.4000","29.5450","29.3987","0.00K","-0.98%"
"06/01/2022","29.5400","29.4000","29.5450","29.3987","0.04K","0.00%"
"05/31/2022","29.5400","29.5237","29.5450","29.3987","0.22K","0.00%"
"05/30/2022","29.5400","29.4000","29.5450","29.3987","0.00K","0.00%"
"05/27/2022","29.5400","29.4000","29.5450","29.3987","0.11K","0.14%"
"05/26/2022","29.5000","29.4000","29.5250","29.3987","0.00K","0.00%"
"05/25/2022","29.5000","29.4000","29.5250","29.3987","0.00K","-0.14%"
"05/24/2022","29.5400","29.5237","29.5450","29.3987","0.02K","0.00%"
"05/23/2022","29.5400","29.4000","29.5450","29.3987","0.16K","0.00%"
"05/20/2022","29.5400","29.4000","29.5450","29.3987","0.01K","0.00%"
"05/19/2022","29.5400","29.4000","29.5450","29.3987","0.21K","0.14%"
"05/18/2022","29.5000","29.4000","29.5450","29.3987","0.01K","0.00%"
"05/17/2022","29.5000","29.5437","29.5485","29.3987","0.73K","-0.14%"
"05/16/2022","29.5400","29.4000","29.5485","29.3987","0.69K","0.00%"
"05/13/2022","29.5400","29.5485","29.5485","29.3987","0.00K","-0.01%"
"05/12/2022","29.5420","29.4000","30.2710","29.3987","0.01K","-2.34%"
"05/11/2022","30.2500","29.4000","30.2500","29.4000","0.00K","0.00%"
"05/10/2022","30.2500","29.4000","30.2500","29.4000","0.00K","0.00%"
"05/09/2022","30.2500","29.4000","30.2500","29.4000","0.00K","0.00%"
"05/06/2022","30.2500","29.4000","30.2500","29.4000","0.00K","0.00%"
"05/05/2022","30.2500","29.4000","30.2500","29.4000","0.00K","3.42%"
"05/04/2022","29.2500","29.4000","29.4000","29.4000","","0.00%"
"05/03/2022","29.2500","29.4000","29.4000","29.4000","","0.00%"
"05/02/2022","29.2500","29.4000","29.4000","29.4000","","-3.31%"
"04/29/2022","30.2500","29.4000","30.2500","29.4000","0.00K","0.00%"
"04/28/2022","30.2500","29.4000","30.2500","29.4000","0.00K","0.00%"
"04/27/2022","30.2500","29.4000","30.2500","29.4000","0.00K","0.00%"
"04/26/2022","30.2500","29.4000","30.2500","29.4000","0.00K","0.00%"
"04/25/2022","30.2500","29.4000","30.2500","29.4000","0.00K","0.00%"
"04/22/2022","30.2500","29.4000","30.2500","29.4000","0.00K","3.42%"
"04/21/2022","29.2500","29.4000","29.4000","29.4000","","-3.31%"
"04/20/2022","30.2500","29.4000","30.2500","29.4000","0.00K","2.54%"
"04/19/2022","29.5000","29.4000","29.5250","29.4000","0.00K","0.00%"
"04/18/2022","29.5000","29.4000","29.5250","29.4000","0.00K","0.85%"
"04/15/2022","29.2500","29.5250","29.5250","29.4000","0.00K","-0.85%"
"04/14/2022","29.5000","29.4000","29.5250","29.4000","0.00K","0.85%"
"04/13/2022","29.2500","29.4000","29.4000","29.4000","","-0.85%"
"04/12/2022","29.5000","29.4000","29.5250","29.4000","0.00K","0.00%"
"04/11/2022","29.5000","29.4000","29.5250","29.4000","0.00K","0.85%"
"04/08/2022","29.2500","29.4000","29.4000","29.4000","","0.00%"
"04/07/2022","29.2500","29.4000","29.4000","29.4000","","0.00%"
"04/06/2022","29.2500","29.4000","29.5250","29.4000","0.01K","0.00%"
"04/05/2022","29.2500","29.4000","29.4000","29.4000","","0.00%"
"04/04/2022","29.2499","29.4000","29.9050","29.4000","","0.00%"
"04/01/2022","29.2500","29.4000","29.4000","29.4000","","-0.85%"
"03/31/2022","29.5000","29.4000","29.5250","29.4000","0.00K","0.00%"
"03/30/2022","29.5000","29.4000","29.5500","29.4000","0.00K","0.85%"
"03/29/2022","29.2500","29.5250","29.5250","29.4000","0.00K","-0.85%"
"03/28/2022","29.5000","29.4000","29.5250","29.4000","0.00K","0.00%"
"03/25/2022","29.5000","29.4000","29.5250","29.4000","0.00K","0.85%"
"03/24/2022","29.2500","29.5250","29.5250","29.4000","0.00K","0.00%"
"03/23/2022","29.2500","29.4000","29.4000","29.4000","","0.00%"
"03/22/2022","29.2500","29.6087","29.6087","29.4000","0.00K","0.00%"
"03/21/2022","29.2500","29.6087","29.6087","29.3900","0.01K","0.00%"
"03/18/2022","29.2500","29.4000","29.4000","29.4000","0.00K","-1.01%"
"03/17/2022","29.5474","29.4000","29.6087","29.4000","0.00K","1.00%"
"03/16/2022","29.2549","29.4000","29.6087","29.4000","0.00K","-0.99%"
"03/15/2022","29.5474","29.4000","29.6125","29.4000","0.00K","1.02%"
"03/14/2022","29.2500","30.0500","30.0500","29.4000","0.00K","0.00%"
"03/10/2022","29.2500","29.4000","29.4000","29.4000","0.00K","-2.66%"
"02/25/2022","30.0500","30.0500","30.0500","30.0500","","0.87%"
"02/23/2022","29.7914","29.0650","29.9055","29.0475","1.56K","2.52%"
"02/22/2022","29.0597","28.9400","29.1353","28.9079","1.94K","1.36%"
"02/21/2022","28.6690","28.4100","28.7100","28.3946","2.01K","0.94%"
"02/18/2022","28.4014","28.3900","28.4454","28.3002","1.86K","0.39%"
"02/17/2022","28.2915","28.2350","28.4404","27.9700","1.88K","0.69%"
"02/16/2022","28.0990","28.1925","28.2076","28.0502","1.81K","-0.33%"
"02/15/2022","28.1919","28.5100","28.5480","28.1505","1.72K","-0.95%"
"02/14/2022","28.4613","28.5250","28.7750","28.4296","2.36K","1.50%"
"02/11/2022","28.0414","27.9950","28.0905","27.9251","1.82K","0.47%"
"02/10/2022","27.9098","27.9146","28.0254","27.8240","1.94K","0.07%"
"02/09/2022","27.8916","28.0000","28.0271","27.9130","1.84K","-0.25%"
"02/08/2022","27.9617","27.9300","28.0329","27.9018","1.89K","0.25%"
"02/07/2022","27.8915","28.0900","28.2750","27.9179","1.76K","-0.79%"
"02/04/2022","28.1140","28.2651","28.2740","28.0770","1.95K","-0.31%"
"02/03/2022","28.2016","28.3000","28.3199","28.2208","1.86K","-0.34%"
"02/02/2022","28.2992","28.4250","28.4620","28.2703","1.44K","-0.44%"
"02/01/2022","28.4240","28.3350","28.4678","28.2530","1.86K","0.32%"
"01/31/2022","28.3345","28.5800","28.6050","28.3577","1.61K","-1.25%"
"01/28/2022","28.6918","28.8899","28.9245","28.6180","1.76K","-0.62%"
"01/27/2022","28.8695","28.8500","29.0471","28.8496","2.61K","0.10%"
"01/26/2022","28.8397","28.7332","28.8729","28.6999","2.12K","0.60%"
"01/25/2022","28.6690","28.6750","28.7782","28.5921","2.67K","0.06%"
"01/24/2022","28.6519","28.2500","28.7004","28.2200","2.23K","1.60%"
"01/21/2022","28.2013","28.3598","28.3827","28.1901","1.72K","-0.35%"
"01/20/2022","28.2992","28.3725","28.3895","28.2425","2.01K","0.13%"
"01/19/2022","28.2616","28.4100","28.4655","28.2706","2.05K","-0.28%"
"01/18/2022","28.3411","28.2850","28.5448","27.8450","2.30K","0.24%"
"01/17/2022","28.2740","28.0400","28.3425","27.8450","1.53K","0.98%"
"01/14/2022","27.9996","27.8948","28.0354","27.8797","1.93K","0.46%"
"01/13/2022","27.8716","27.7696","27.9053","27.6852","1.86K","0.43%"
"01/12/2022","27.7511","27.6800","27.7854","27.6553","1.74K","0.44%"
"01/11/2022","27.6290","27.5200","27.6854","27.4641","1.81K","0.53%"
"01/10/2022","27.4838","27.4800","27.5504","27.4599","1.70K","0.05%"
"01/06/2022","27.4712","27.5100","27.5406","27.4603","2.30K","0.09%"
"01/05/2022","27.4466","27.4400","27.4902","27.4191","1.59K","-0.01%"
"01/04/2022","27.4497","27.3150","27.4755","27.2775","1.47K","0.73%"
"12/31/2021","27.2500","27.3075","27.3075","27.2825","0.00K","-0.11%"
"12/30/2021","27.2790","27.2350","27.3463","27.2095","1.33K","0.37%"
"12/29/2021","27.1794","27.2152","27.2460","27.1625","7.56K","0.02%"
"12/28/2021","27.1747","27.2649","27.2755","27.1429","8.81K","-0.27%"
"12/24/2021","27.2492","27.2100","27.2804","27.1909","9.13K","0.18%"
"12/23/2021","27.1997","27.2897","27.3323","27.1904","8.87K","-0.27%"
"12/22/2021","27.2745","27.1800","27.3900","27.1700","8.68K","0.49%"
"12/21/2021","27.1418","27.2900","27.3170","27.1597","1.99K","-0.47%"
"12/20/2021","27.2704","27.3900","27.3900","27.2480","1.84K","0.02%"
"12/17/2021","27.2642","27.1801","27.3900","27.1696","1.70K","0.33%"
"12/16/2021","27.1748","27.1650","27.2424","27.1197","2.03K","0.09%"
"12/15/2021","27.1495","27.1200","27.2649","27.1078","1.71K","0.33%"
"12/14/2021","27.0597","26.9400","27.1100","26.8850","2.17K","0.47%"
"12/13/2021","26.9344","27.1325","26.9849","26.8430","1.67K","0.24%"
"12/10/2021","26.8698","27.0350","27.3900","26.8800","1.78K","-0.48%"
"12/09/2021","26.9998","27.1600","27.3900","27.0275","1.89K","-0.55%"
"12/08/2021","27.1498","27.2652","27.3900","27.1296","1.87K","-0.44%"
"12/07/2021","27.2698","27.3900","27.3900","27.2496","1.96K","0.08%"
"12/06/2021","27.2492","27.3725","27.4298","27.2545","1.85K","-0.29%"
"12/03/2021","27.3288","27.2550","27.3524","27.2200","1.98K","0.48%"
"12/02/2021","27.1992","27.3700","27.3925","27.2234","1.47K","-0.55%"
"12/01/2021","27.3492","27.1650","27.3829","27.1274","1.71K","0.74%"
"11/30/2021","27.1492","27.2750","27.3245","27.0900","1.94K","-0.45%"
"11/29/2021","27.2714","27.1351","27.2862","27.1051","2.03K","0.56%"
"11/26/2021","27.1191","27.0600","27.1554","27.0375","1.64K","0.26%"
"11/25/2021","27.0496","26.9800","27.0730","26.9596","1.68K","0.30%"
"11/24/2021","26.9695","26.8850","27.0180","26.8680","1.87K","0.52%"
"11/23/2021","26.8290","26.8100","26.9125","26.3225","1.72K","0.13%"
"11/22/2021","26.7948","26.6000","26.8230","26.5900","1.82K","0.96%"
"11/19/2021","26.5398","26.5250","26.6120","26.4818","1.90K","0.08%"
"11/18/2021","26.5192","26.4201","26.5454","26.3225","1.88K","0.38%"
"11/17/2021","26.4191","26.3225","26.5618","26.3225","1.90K","-0.23%"
"11/16/2021","26.4793","26.3375","26.5104","26.3305","1.99K","0.55%"
"11/15/2021","26.3342","26.2250","26.3850","26.0700","1.85K","0.27%"
"11/12/2021","26.2642","26.1000","26.2955","26.0730","1.89K","0.63%"
"11/11/2021","26.1006","26.1550","26.1749","26.0617","1.69K","0.04%"
"11/10/2021","26.0890","26.0751","26.1329","26.0439","2.16K","0.15%"
"11/09/2021","26.0498","26.0800","26.2900","26.0517","2.54K","-0.10%"
"11/08/2021","26.0750","26.1150","26.2900","26.0609","2.21K","-0.13%"
"11/05/2021","26.1094","26.1349","26.2900","26.0821","1.59K","0.04%"
"11/04/2021","26.0999","26.2450","26.2900","26.1296","1.87K","-0.57%"
"11/03/2021","26.2494","26.2700","26.2873","26.2200","1.74K","0.00%"
"11/02/2021","26.2497","26.3000","26.3300","26.2423","1.82K","-0.19%"
"11/01/2021","26.2997","26.2750","26.3402","26.2605","1.49K","0.15%"
"10/29/2021","26.2597","26.2927","26.3232","26.2355","1.15K","-0.15%"
"10/28/2021","26.2992","26.3652","26.3785","26.2875","1.43K","-0.15%"
"10/27/2021","26.3393","26.3950","26.4195","26.3425","1.43K","-0.17%"
"10/26/2021","26.3846","26.4250","26.4724","26.3703","1.54K","0.06%"
"10/25/2021","26.3693","26.2752","26.4775","26.2551","1.43K","0.32%"
"10/22/2021","26.2845","26.3288","26.3527","26.2751","1.94K","-0.13%"
"10/21/2021","26.3193","26.1904","26.3803","26.1556","1.91K","0.55%"
"10/20/2021","26.1749","26.2498","26.2652","26.1698","1.58K","-0.21%"
"10/19/2021","26.2292","26.2951","26.3950","26.2371","1.86K","-0.19%"
"10/18/2021","26.2799","26.3400","26.3507","26.2820","1.59K","-0.34%"
"10/13/2021","26.3698","26.3597","26.3927","26.3302","1.34K","0.09%"
"10/12/2021","26.3448","26.3799","26.4004","26.3378","1.25K","0.02%"
"10/11/2021","26.3395","26.4000","26.4060","26.3246","1.07K","-0.08%"
"10/08/2021","26.3595","26.2701","26.4100","26.2701","1.60K","0.30%"
"10/07/2021","26.2796","26.4100","26.4105","26.2896","1.53K","-0.23%"
"10/06/2021","26.3391","26.3897","26.4405","26.3142","2.01K","-0.08%"
"10/05/2021","26.3599","26.5000","26.5625","26.3733","4.03K","-0.45%"
"10/04/2021","26.4794","26.6301","26.8512","26.4757","24.78K","-0.56%"
"10/01/2021","26.6294","26.5800","26.8512","26.5645","25.51K","0.21%"
"09/30/2021","26.5741","26.6100","26.6824","26.5275","27.84K","0.02%"
"09/29/2021","26.5701","26.5650","26.8512","26.5280","26.01K","0.16%"
"09/28/2021","26.5278","26.6400","26.6500","26.5078","29.59K","-0.16%"
"09/27/2021","26.5699","26.5275","26.8512","26.5275","28.58K","-0.49%"
"09/24/2021","26.6995","26.5500","26.7474","26.5500","2.15K","0.34%"
"09/23/2021","26.6091","26.5800","26.6652","26.4728","1.72K","0.15%"
"09/22/2021","26.5693","26.7150","26.7386","26.5403","1.66K","-0.49%"
"09/21/2021","26.6994","26.7000","26.7495","26.6751","1.55K","0.05%"
"09/20/2021","26.6848","26.6901","26.8512","26.6595","1.64K","0.05%"
"09/17/2021","26.6715","26.6900","26.7575","26.6458","1.80K","-0.04%"
"09/16/2021","26.6828","26.6399","26.7105","26.6150","1.82K","0.20%"
"09/15/2021","26.6291","26.6400","26.6702","26.6047","1.48K","0.00%"
"09/14/2021","26.6293","26.6700","26.8512","26.6001","1.60K","-0.12%"
"09/13/2021","26.6600","26.9725","26.9725","26.6530","1.84K","-0.22%"
"09/10/2021","26.7197","26.6600","26.7801","26.6203","2.55K","0.22%"
"09/09/2021","26.6599","26.7651","26.8512","26.6698","27.18K","-0.34%"
"09/08/2021","26.7498","26.7200","26.8900","26.6950","23.61K","0.11%"
"09/07/2021","26.7191","26.8900","26.8900","26.6503","22.05K","-0.17%"
"09/06/2021","26.7641","26.8838","26.8930","26.6450","2.02K","-0.35%"
"09/03/2021","26.8591","26.9651","26.9817","26.8645","1.76K","-0.32%"
"09/02/2021","26.9466","27.0600","27.0875","26.8512","1.87K","-0.27%"
"09/01/2021","27.0197","26.9352","27.0592","26.8512","2.08K","0.45%"
"08/31/2021","26.8991","26.8500","26.9449","26.7925","2.61K","0.37%"
"08/30/2021","26.7993","26.9500","26.9555","26.7925","2.06K","-0.30%"
"08/27/2021","26.8791","26.8452","26.9646","26.8325","2.53K","0.13%"
"08/26/2021","26.8447","26.7201","26.8729","26.7101","2.54K","0.54%"
"08/25/2021","26.6999","26.6877","26.8512","26.6625","2.55K","0.15%"
"08/20/2021","26.6595","26.6875","26.7128","26.6338","2.44K","0.02%"
"08/19/2021","26.6543","26.6152","26.7925","26.5996","2.35K","0.15%"
"08/18/2021","26.6148","26.6700","26.7925","26.5896","2.51K","-0.20%"
"08/17/2021","26.6693","26.7500","26.8512","26.6120","2.72K","-0.26%"
"08/16/2021","26.7398","26.6750","26.7705","26.6050","2.38K","0.36%"
"08/13/2021","26.6449","26.7300","26.7925","26.6399","7.61K","-0.28%"
"08/12/2021","26.7203","26.7650","26.8121","26.7229","1.69K","-0.47%"
"08/11/2021","26.8475","26.7900","26.8512","26.7446","1.97K","0.25%"
"08/10/2021","26.7796","26.8100","26.8204","26.7041","2.07K","0.34%"
"08/09/2021","26.6897","26.8575","26.8575","26.7150","1.98K","-0.30%"
"08/06/2021","26.7694","26.9000","26.9205","26.7896","1.81K","-0.41%"
"08/05/2021","26.8798","26.9400","26.9655","26.8745","1.87K","-0.03%"
"08/04/2021","26.8892","26.8900","26.9770","26.8475","2.06K","0.11%"
"08/03/2021","26.8597","26.8600","26.9100","26.8003","1.71K","0.00%"
"08/02/2021","26.8590","26.8352","26.8979","26.7897","2.23K","0.26%"
"07/30/2021","26.7894","26.8602","26.8755","26.7700","2.16K","-0.22%"
"07/29/2021","26.8498","26.9451","26.9491","26.8471","2.57K","-0.15%"
"07/28/2021","26.8898","26.8801","26.9749","26.8125","2.85K","-0.02%"
"07/27/2021","26.8946","26.9425","27.2150","26.8304","2.87K","-0.09%"
"07/26/2021","26.9191","27.2150","27.2150","26.9347","2.48K","-0.43%"
"07/23/2021","27.0342","27.1597","27.2350","27.0175","1.88K","-0.35%"
"07/22/2021","27.1293","27.2201","27.2495","27.1325","1.76K","-0.26%"
"07/21/2021","27.1993","27.2150","27.2857","27.1975","1.80K","-0.04%"
"07/20/2021","27.2091","27.2150","27.2475","27.1915","1.81K","0.04%"
"07/19/2021","27.1992","27.2274","27.2800","27.1785","1.80K","-0.07%"
"07/16/2021","27.2190","27.2550","27.2782","27.2090","1.44K","-0.13%"
"07/15/2021","27.2548","27.3075","27.3245","27.2605","1.61K","-0.05%"
"07/14/2021","27.2697","27.3052","27.3395","27.2750","1.75K","0.08%"
"07/13/2021","27.2490","27.2852","27.3505","27.2695","1.79K","-0.07%"
"07/12/2021","27.2694","27.3088","27.3337","27.2538","1.62K","0.00%"
"07/09/2021","27.2696","27.3150","27.3507","27.2795","1.85K","-0.04%"
"07/08/2021","27.2796","27.2625","27.3501","27.2280","1.71K","0.26%"
"07/07/2021","27.2099","27.2900","27.3584","27.2345","2.08K","-0.33%"
"07/06/2021","27.2991","27.2900","27.3305","27.2167","1.90K","0.05%"
"07/05/2021","27.2846","27.4310","27.4310","27.2607","1.74K","-0.24%"
"07/02/2021","27.3499","27.4310","27.4520","27.3345","2.25K","0.00%"
"07/01/2021","27.3494","27.4310","27.4310","27.2675","2.57K","0.33%"
"06/30/2021","27.2592","27.2101","27.4310","27.1371","2.10K","0.26%"
"06/29/2021","27.1893","27.3249","27.4310","27.1451","2.11K","-0.40%"
"06/25/2021","27.2992","27.4310","27.5495","27.3148","1.76K","-0.73%"
"06/24/2021","27.4995","27.3750","27.5695","27.3277","1.57K","0.92%"
"06/23/2021","27.2500","27.3000","27.4700","27.2150","0.63K","-0.33%"
"06/22/2021","27.3390","27.2450","27.4020","27.2128","1.58K","0.36%"
"06/18/2021","27.2416","27.2250","27.3155","27.1567","1.75K","0.08%"
"06/17/2021","27.2199","27.1300","27.2530","27.1126","1.68K","0.48%"
"06/16/2021","27.0894","26.9950","27.1320","26.9601","1.69K","0.22%"
"06/15/2021","27.0297","26.9150","27.0825","26.8934","1.50K","0.52%"
"06/14/2021","26.8895","26.9853","27.0349","26.9046","1.59K","-0.41%"
"06/11/2021","26.9997","27.1000","27.1154","27.0096","2.35K","-0.33%"
"06/10/2021","27.0890","27.0850","27.1380","27.0588","1.46K","0.02%"
"06/09/2021","27.0846","27.0750","27.4500","27.0606","1.57K","0.03%"
"06/08/2021","27.0773","27.1850","27.2262","27.0961","1.67K","-0.50%"
"06/07/2021","27.2140","27.2401","27.4500","27.1595","1.79K","-0.06%"
"06/04/2021","27.2296","27.2850","27.4500","27.2250","1.83K","-0.20%"
"06/03/2021","27.2844","27.3113","27.4500","27.2859","1.68K","-0.06%"
"06/02/2021","27.2999","27.4050","27.4500","27.3043","1.46K","-0.40%"
"06/01/2021","27.4093","27.4600","27.4737","27.4107","1.62K","-0.18%"
"05/31/2021","27.4597","27.5250","27.5505","27.4247","1.01K","-0.11%"
"05/28/2021","27.4899","27.5150","27.5555","27.4605","1.46K","-0.03%"
"05/27/2021","27.4993","27.5250","27.5777","27.4700","1.62K","-0.09%"
"05/26/2021","27.5244","27.5000","27.5866","27.4845","1.70K","0.14%"
"05/25/2021","27.4860","27.4250","27.5247","27.4067","1.56K","0.39%"
"05/24/2021","27.3799","27.4399","27.4734","27.3940","1.77K","-0.12%"
"05/21/2021","27.4140","27.5000","27.5063","27.4076","1.70K","-0.17%"
"05/20/2021","27.4594","27.6850","27.6850","27.4250","1.65K","0.22%"
"05/19/2021","27.3997","27.4000","27.4604","27.3746","1.79K","0.00%"
"05/18/2021","27.3994","27.5350","27.5406","27.3853","1.83K","-0.42%"
"05/17/2021","27.5146","27.5650","27.5903","27.5166","1.78K","-0.04%"
"05/14/2021","27.5248","27.6550","27.6550","27.5422","1.69K","-0.31%"
"05/13/2021","27.6094","27.6350","27.6605","27.5804","1.74K","0.04%"
"05/12/2021","27.5992","27.5900","27.6770","27.5775","1.73K","0.18%"
"05/11/2021","27.5498","27.7225","27.7274","27.5821","1.54K","-0.65%"
"05/07/2021","27.7297","27.7375","27.8027","27.7138","1.80K","0.00%"
"05/06/2021","27.7292","27.7400","27.7795","27.6626","1.68K","0.01%"
"05/05/2021","27.7272","27.7650","27.8255","27.6695","1.56K","-0.22%"
"04/30/2021","27.7895","27.7750","27.8204","27.6983","9.53K","0.29%"
"04/29/2021","27.7099","27.7750","27.7895","27.7101","8.46K","-0.19%"
"04/28/2021","27.7618","27.7404","28.0175","27.7246","9.26K","0.08%"
"04/27/2021","27.7400","27.8099","28.0175","27.7290","10.24K","-0.27%"
"04/26/2021","27.8161","27.9100","28.0200","27.8092","7.12K","-0.41%"
"04/23/2021","27.9293","28.0175","28.0275","27.8534","2.54K","0.11%"
"04/22/2021","27.8992","28.0851","28.1129","27.9146","1.70K","-0.61%"
"04/21/2021","28.0698","28.0050","28.1595","27.9849","2.00K","0.21%"
"04/20/2021","28.0098","28.0070","28.0348","27.9725","1.72K","0.21%"
"04/19/2021","27.9500","27.9700","28.0499","27.9598","1.53K","-0.07%"
"04/16/2021","27.9690","27.9250","28.0135","27.9250","1.64K","0.07%"
"04/15/2021","27.9500","27.9150","28.0238","27.8995","1.78K","0.17%"
"04/14/2021","27.9019","28.0900","28.1005","27.8898","1.90K","-0.60%"
"04/13/2021","28.0700","27.9650","28.1029","27.9405","1.83K","0.46%"
"04/12/2021","27.9417","27.9500","27.9855","27.9001","1.41K","0.12%"
"04/09/2021","27.9093","27.9100","27.9597","27.8645","1.53K","0.07%"
"04/08/2021","27.8900","27.9352","28.0295","27.8945","1.42K","-0.09%"
"04/07/2021","27.9143","27.8675","27.9746","27.8200","1.73K","0.49%"
"04/06/2021","27.7771","27.8500","27.8845","27.7852","1.86K","-0.15%"
"04/05/2021","27.8196","27.9750","28.0200","27.8346","1.51K","-0.70%"
"04/02/2021","28.0146","27.8600","28.0539","27.7150","1.72K","0.59%"
"04/01/2021","27.8500","27.8102","27.8750","27.7150","1.68K","0.11%"
"03/31/2021","27.8198","27.8100","27.8874","27.7150","1.32K","0.04%"
"03/30/2021","27.8096","27.9447","27.9702","27.8290","1.65K","-0.43%"
"03/29/2021","27.9294","27.9902","28.0189","27.8650","1.46K","-0.18%"
"03/26/2021","27.9798","28.0400","28.0504","27.9202","1.47K","0.04%"
"03/25/2021","27.9697","27.9500","28.0453","27.8703","1.60K","0.11%"
"03/24/2021","27.9399","27.7750","27.9655","27.7150","1.75K","0.70%"
"03/23/2021","27.7445","27.6703","27.8349","27.6546","1.78K","0.31%"
"03/22/2021","27.6594","27.7150","27.7304","27.6621","1.55K","-0.07%"
"03/19/2021","27.6800","27.7100","27.7600","27.6730","2.03K","0.07%"
"03/18/2021","27.6600","27.7123","27.7279","27.6551","1.98K","-0.04%"
"03/17/2021","27.6700","27.7400","27.7663","27.6605","2.08K","-0.04%"
"03/16/2021","27.6800","27.6000","27.7700","27.5632","1.27K","0.33%"
"03/15/2021","27.5900","27.7025","27.7482","27.6005","0.72K","-0.39%"
"03/12/2021","27.6990","27.7388","27.7689","27.6905","0.91K","0.00%"
"03/11/2021","27.7000","27.7350","27.7755","27.6825","0.93K","-0.11%"
"03/10/2021","27.7300","27.7649","27.7799","27.6467","0.78K","0.00%"
"03/09/2021","27.7295","27.7600","27.8274","27.6845","1.24K","-0.09%"
"03/05/2021","27.7550","27.7025","27.8130","27.6602","1.26K","0.27%"
"03/04/2021","27.6800","27.7875","27.9900","27.6555","1.51K","-0.25%"
"03/03/2021","27.7497","27.8902","27.9750","27.7671","1.27K","-0.50%"
"03/02/2021","27.8900","27.9200","28.0095","27.8650","1.38K","-0.21%"
"03/01/2021","27.9500","27.9600","28.0347","27.8675","0.95K","0.00%"
"02/26/2021","27.9500","27.9100","28.0030","27.8872","1.21K","0.29%"
"02/25/2021","27.8700","27.9400","27.9792","27.8353","1.30K","-0.30%"
"02/24/2021","27.9544","27.9450","27.9806","27.8925","1.18K","0.16%"
"02/23/2021","27.9095","27.8800","27.9580","27.8549","1.13K","0.11%"
"02/22/2021","27.8797","27.8750","27.9730","27.8346","1.02K","0.11%"
"02/19/2021","27.8492","27.8575","27.8797","27.8100","1.06K","0.07%"
"02/18/2021","27.8291","27.9300","27.9300","27.8025","1.18K","0.10%"
"02/17/2021","27.8000","27.9150","27.9645","27.8100","1.02K","-0.25%"
"02/16/2021","27.8700","27.7900","27.9273","27.7733","1.24K","0.43%"
"02/15/2021","27.7496","27.8450","28.0457","27.7712","1.04K","-0.54%"
"02/12/2021","27.8995","27.7350","27.9454","27.7246","1.01K","0.54%"
"02/11/2021","27.7500","27.9200","27.9403","27.7350","1.23K","-0.43%"
"02/10/2021","27.8700","27.6950","27.9329","27.6650","1.15K","0.68%"
"02/09/2021","27.6824","27.6350","27.7157","27.5605","1.28K","0.23%"
"02/08/2021","27.6193","27.7152","27.7575","27.6208","0.86K","-0.22%"
"02/05/2021","27.6791","27.8300","27.9650","27.7033","0.99K","-0.43%"
"02/04/2021","27.8000","27.9599","28.0500","27.8190","1.01K","-0.39%"
"02/03/2021","27.9095","28.0299","28.0634","27.9300","1.19K","-0.32%"
"02/02/2021","27.9991","28.0350","28.0749","28.0057","0.98K","-0.18%"
"02/01/2021","28.0491","28.1150","28.1551","28.0196","0.94K","-0.18%"
"01/29/2021","28.1000","28.1350","28.1658","28.0996","0.85K","-0.11%"
"01/28/2021","28.1299","28.1840","28.2332","28.1301","1.09K","-0.04%"
"01/27/2021","28.1400","28.1875","28.1975","28.1376","0.94K","-0.09%"
"01/26/2021","28.1650","28.1401","28.1962","28.1187","0.79K","0.11%"
"01/25/2021","28.1347","28.1701","28.2001","28.1288","0.89K","-0.05%"
"01/22/2021","28.1500","28.2150","28.2409","28.1147","1.18K","-0.14%"
"01/21/2021","28.1900","28.2402","28.3110","28.1992","1.11K","-0.04%"
"01/20/2021","28.2000","28.1651","28.2824","28.1280","0.79K","0.18%"
"01/19/2021","28.1500","28.2300","28.2595","28.1040","1.80K","-0.18%"
"01/18/2021","28.2000","28.1549","28.2907","28.1250","1.17K","0.36%"
"01/15/2021","28.0994","28.0600","28.1555","28.0152","1.67K","0.15%"
"01/14/2021","28.0572","28.0600","28.1079","28.0105","1.55K","0.13%"
"01/13/2021","28.0212","28.0257","28.0754","27.9303","1.60K","0.08%"
"01/12/2021","27.9990","28.2250","28.2250","28.0165","0.74K","-0.43%"
"01/11/2021","28.1190","28.2663","28.2833","28.1225","0.58K","-0.44%"
"01/06/2021","28.2432","28.4400","28.4400","28.2355","1.11K","-0.62%"
"01/05/2021","28.4200","28.4600","28.5150","28.2050","1.04K","-0.03%"
"01/04/2021","28.4290","28.2700","28.4670","28.2700","0.43K","-0.16%"
"01/01/2021","28.4753","28.4753","28.4753","28.4753","","0.62%"
"12/30/2020","28.3000","28.1900","28.3845","28.1825","0.48K","0.53%"
"12/29/2020","28.1500","28.3050","28.3345","28.1630","0.74K","-0.35%"
"12/28/2020","28.2500","28.3550","28.3983","28.2755","0.57K","-0.35%"
"12/24/2020","28.3500","28.3400","28.4325","28.2925","0.75K","0.18%"
"12/23/2020","28.3000","28.4250","28.4945","28.3400","0.70K","-0.35%"
"12/22/2020","28.3990","28.1900","28.4400","28.1205","0.93K","1.06%"
"12/21/2020","28.1000","28.0625","28.2500","27.9080","0.88K","0.36%"
"12/18/2020","27.9990","27.7925","28.0650","27.7155","0.87K","0.72%"
"12/17/2020","27.7990","27.8100","27.8808","27.7555","0.96K","0.00%"
"12/16/2020","27.8000","27.7150","27.8870","27.6600","0.99K","0.29%"
"12/15/2020","27.7200","27.8200","27.8500","27.7330","0.61K","-0.43%"
"12/14/2020","27.8400","27.9650","27.9700","27.8170","0.45K","-0.36%"
"12/11/2020","27.9400","28.0100","28.1000","27.9200","0.72K","-0.32%"
"12/10/2020","28.0290","28.0900","28.1095","28.0250","0.73K","-0.15%"
"12/09/2020","28.0700","28.1138","28.1405","28.0040","0.70K","-0.11%"
"12/08/2020","28.1000","28.1200","28.1575","28.0430","1.20K","0.00%"
"12/07/2020","28.1000","28.2650","28.2900","28.1105","0.71K","-0.53%"
"12/04/2020","28.2500","28.2600","28.3232","28.2350","0.79K","-0.04%"
"12/03/2020","28.2600","28.3400","28.3678","28.2435","0.75K","-0.18%"
"12/02/2020","28.3100","28.5000","28.5205","28.3160","0.76K","-0.66%"
"12/01/2020","28.4990","28.5050","28.5819","28.4945","0.72K","0.07%"
"11/30/2020","28.4800","28.5400","28.5520","28.1000","0.67K","-0.11%"
"11/27/2020","28.5100","28.4600","28.5693","28.3700","0.87K","0.21%"
"11/26/2020","28.4491","28.3400","28.4885","28.3400","0.78K","0.07%"
"11/25/2020","28.4290","28.3650","28.4750","28.3255","0.75K","0.32%"
"11/24/2020","28.3390","28.3750","28.3995","28.2300","0.72K","-0.07%"
"11/23/2020","28.3590","28.3700","28.3915","28.3150","0.57K","0.17%"
"11/20/2020","28.3100","28.3550","28.3995","28.2000","0.51K","-0.19%"
"11/19/2020","28.3650","28.2414","28.3850","28.1666","0.79K","0.69%"
"11/18/2020","28.1700","28.1525","28.2300","28.1030","0.63K","0.15%"
"11/17/2020","28.1290","28.1250","28.1470","28.0730","0.64K","0.10%"
"11/16/2020","28.1000","28.1050","28.1400","28.0850","0.53K","-0.04%"
"11/13/2020","28.1100","28.1750","28.1925","28.0800","0.68K","-0.17%"
"11/12/2020","28.1590","28.1900","28.2301","28.1545","0.70K","-0.11%"
"11/11/2020","28.1890","28.1900","28.2225","28.1276","0.62K","0.09%"
"11/10/2020","28.1640","28.1175","28.1838","28.0900","0.75K","0.25%"
"11/09/2020","28.0940","28.1000","28.1700","28.0700","0.42K","-0.16%"
"11/06/2020","28.1390","28.2600","28.5050","28.0650","0.73K","-0.21%"
"11/05/2020","28.1991","28.3800","28.4825","28.1770","1.63K","-0.49%"
"11/04/2020","28.3390","28.5613","28.5767","28.3800","1.78K","-0.67%"
"11/03/2020","28.5290","28.6350","28.6720","28.5155","1.44K","-0.31%"
"11/02/2020","28.6190","28.5250","28.6375","28.4450","1.39K","0.42%"
"10/30/2020","28.4990","28.4502","28.5250","28.4242","1.87K","0.19%"
"10/29/2020","28.4440","28.4125","28.4701","28.4005","2.15K","0.18%"
"10/28/2020","28.3940","28.3765","28.4345","28.3591","1.81K","0.11%"
"10/27/2020","28.3620","28.3350","28.3825","28.3263","1.88K","0.17%"
"10/26/2020","28.3140","28.3275","28.3557","28.3080","1.22K","0.04%"
"10/23/2020","28.3040","28.3092","28.3350","28.2642","1.26K","0.11%"
"10/22/2020","28.2740","28.2475","28.3207","28.2209","1.89K","0.16%"
"10/21/2020","28.2290","28.3275","28.3475","28.2383","1.96K","-0.25%"
"10/20/2020","28.2990","28.3825","28.3972","28.3217","2.06K","-0.26%"
"10/19/2020","28.3740","28.3615","28.3995","28.3420","1.51K","0.07%"
"10/16/2020","28.3540","28.3450","28.3862","28.3255","1.94K","0.07%"
"10/15/2020","28.3350","28.3400","28.3645","28.3100","1.92K","0.05%"
"10/14/2020","28.3200","28.3400","28.3400","28.3400","","0.00%"
"10/13/2020","28.3200","28.3139","28.3612","28.2755","1.42K","0.09%"
"10/12/2020","28.2940","28.2500","28.3146","28.2050","1.12K","0.19%"
"10/09/2020","28.2400","28.2376","28.3250","28.1805","1.47K","0.11%"
"10/08/2020","28.2090","28.3250","28.3355","28.2075","1.26K","-0.39%"
"10/07/2020","28.3200","28.3600","28.4100","28.2850","1.40K","-0.07%"
"10/06/2020","28.3390","28.4100","28.4405","28.3055","1.58K","-0.18%"
"10/05/2020","28.3900","28.3762","28.4425","28.3350","1.33K","0.09%"
"10/02/2020","28.3655","28.3550","28.3800","28.3035","1.62K","0.09%"
"10/01/2020","28.3400","28.3000","28.3590","28.2840","1.83K","0.21%"
"09/30/2020","28.2800","28.3365","28.3465","28.2687","2.10K","-0.15%"
"09/29/2020","28.3212","28.2700","28.3421","28.2650","2.27K","0.25%"
"09/28/2020","28.2500","28.2625","28.3315","28.2325","1.56K","-0.11%"
"09/25/2020","28.2800","28.2625","28.3069","28.2362","2.07K","0.10%"
"09/24/2020","28.2530","28.2250","28.2775","28.2061","2.16K","0.19%"
"09/23/2020","28.2000","28.2011","28.2418","28.1572","2.33K","0.09%"
"09/22/2020","28.1757","28.2213","28.2827","28.0700","2.07K","-0.14%"
"09/21/2020","28.2150","28.1750","28.2725","28.1550","1.46K","0.20%"
"09/18/2020","28.1600","28.1425","28.1890","28.1315","1.84K","0.11%"
"09/17/2020","28.1300","28.0680","28.1600","28.0325","2.35K","0.34%"
"09/16/2020","28.0350","28.0250","28.1695","28.0045","2.49K","0.12%"
"09/15/2020","28.0000","27.9900","28.1348","27.9797","2.25K","0.13%"
"09/14/2020","27.9640","27.9500","28.0382","27.9225","1.40K","0.13%"
"09/11/2020","27.9290","27.8500","27.9725","27.8417","1.18K","0.34%"
"09/10/2020","27.8350","27.8277","27.8775","27.8005","1.23K","0.04%"
"09/09/2020","27.8240","27.7700","27.8652","27.7700","1.37K","0.30%"
"09/08/2020","27.7400","27.7825","27.8311","27.7500","1.41K","-0.09%"
"09/07/2020","27.7650","27.7550","27.8113","27.7100","1.40K","0.09%"
"09/04/2020","27.7390","27.6835","27.7752","27.6735","1.42K","0.25%"
"09/03/2020","27.6690","27.6575","27.7465","27.6175","1.58K","0.13%"
"09/02/2020","27.6340","27.5725","27.7067","27.5680","1.86K","0.31%"
"09/01/2020","27.5490","27.5625","27.6420","27.5355","1.76K","0.02%"
"08/31/2020","27.5440","27.4797","27.6020","27.4797","1.33K","0.35%"
"08/28/2020","27.4490","27.5000","27.5124","27.4305","1.90K","-0.11%"
"08/27/2020","27.4800","27.4500","27.5175","27.3300","2.11K","0.18%"
"08/26/2020","27.4300","27.3900","27.4875","27.3197","1.79K","0.22%"
"08/25/2020","27.3700","27.4600","27.4950","27.3705","1.82K","-0.26%"
"08/24/2020","27.4400","27.4600","27.4600","27.4600","","0.00%"
"08/21/2020","27.4400","27.3250","27.4725","27.3250","1.38K","0.52%"
"08/20/2020","27.2990","27.4625","27.5420","27.3250","1.48K","-0.49%"
"08/19/2020","27.4340","27.3200","27.4625","27.2555","1.28K","0.49%"
"08/18/2020","27.3000","27.2500","27.3200","27.2105","0.57K","0.22%"
"08/17/2020","27.2400","27.3318","27.3525","26.7700","0.56K","-0.29%"
"08/14/2020","27.3200","27.3400","27.3970","27.2950","1.84K","0.07%"
"08/13/2020","27.3000","27.5150","27.5155","27.3355","1.91K","-0.72%"
"08/12/2020","27.4990","27.5800","27.5855","27.4875","1.99K","-0.22%"
"08/11/2020","27.5600","27.6000","27.6500","27.5592","1.86K","-0.04%"
"08/10/2020","27.5700","27.6250","27.6520","27.5700","1.16K","-0.20%"
"08/07/2020","27.6250","27.7100","27.7195","27.6070","1.23K","-0.31%"
"08/06/2020","27.7100","27.6975","27.7420","27.6300","1.40K","0.05%"
"08/05/2020","27.6975","27.7695","27.8055","27.6500","1.45K","-0.26%"
"08/04/2020","27.7695","27.8725","27.8755","27.7330","1.79K","-0.37%"
"08/03/2020","27.8725","27.7250","27.8773","27.6605","1.22K","0.53%"
"07/31/2020","27.7250","27.7030","27.7397","27.6117","1.84K","0.08%"
"07/30/2020","27.7030","27.6350","27.7362","27.6130","1.34K","0.25%"
"07/29/2020","27.6350","27.7400","27.7650","27.5850","1.08K","-0.38%"
"07/28/2020","27.7400","27.7000","27.7575","27.6150","1.23K","0.14%"
"07/27/2020","27.7000","27.7300","27.8695","27.6450","0.95K","-0.56%"
"07/24/2020","27.8550","27.7875","27.8750","27.6980","1.91K","0.24%"
"07/23/2020","27.7875","27.8608","27.9069","27.7750","1.80K","-0.26%"
"07/22/2020","27.8608","27.7800","27.8697","27.7113","1.98K","0.29%"
"07/21/2020","27.7800","27.6500","27.8100","27.5800","1.65K","0.47%"
"07/20/2020","27.6500","27.4322","27.6850","27.1250","1.38K","0.79%"
"07/17/2020","27.4322","27.3750","27.4570","27.3130","1.97K","0.21%"
"07/16/2020","27.3750","27.2100","27.3750","27.1700","2.06K","0.61%"
"07/15/2020","27.2100","27.0750","27.2250","27.0417","2.09K","0.50%"
"07/14/2020","27.0750","27.1300","27.2145","27.0700","1.68K","-0.20%"
"07/13/2020","27.1300","27.0750","27.1497","27.0150","1.06K","0.20%"
"07/10/2020","27.0750","26.9447","27.0800","26.9055","1.75K","0.48%"
"07/09/2020","26.9447","26.9312","27.0750","26.8855","1.76K","0.05%"
"07/08/2020","26.9312","26.9400","27.0095","26.9175","2.14K","-0.03%"
"07/07/2020","26.9400","26.9500","26.9895","26.8768","2.00K","-0.04%"
"07/06/2020","26.9500","26.9121","27.2275","26.9121","1.44K","-0.65%"
"07/03/2020","27.1250","26.9121","27.2995","26.8450","0.96K","-0.40%"
"07/02/2020","27.2350","26.9121","27.2470","26.8450","1.23K","1.20%"
"07/01/2020","26.9121","26.6950","26.9200","26.6950","1.89K","0.81%"
"06/30/2020","26.6950","26.7252","26.7327","26.6455","1.94K","-0.11%"
"06/29/2020","26.7252","26.7252","26.7252","26.7252","","0.00%"
"06/26/2020","26.7252","26.7250","26.7379","26.6605","1.72K","0.00%"
"06/25/2020","26.7250","26.6950","26.7375","26.6580","1.85K","0.11%"
"06/24/2020","26.6950","26.5850","26.7035","26.5745","1.49K","0.41%"
"06/23/2020","26.5850","26.7275","26.7275","26.5625","1.35K","-0.27%"
"06/22/2020","26.6575","26.7275","26.7375","26.6500","0.48K","-0.26%"
"06/19/2020","26.7275","26.7250","26.7545","26.6775","1.95K","0.01%"
"06/18/2020","26.7250","26.8000","26.8245","26.7100","1.68K","-0.28%"
"06/17/2020","26.8000","26.7650","26.8150","26.7180","1.95K","0.13%"
"06/16/2020","26.7650","26.8200","26.8390","26.7010","2.00K","-0.21%"
"06/15/2020","26.8200","26.7550","26.8820","26.7395","1.38K","0.24%"
"06/12/2020","26.7550","26.6800","26.7650","26.6305","1.66K","0.28%"
"06/11/2020","26.6800","26.5900","26.6825","26.5650","1.84K","0.34%"
"06/10/2020","26.5900","26.6450","26.6875","26.5699","1.87K","-0.21%"
"06/09/2020","26.6450","26.5798","26.6838","26.5795","1.80K","0.25%"
"06/08/2020","26.5798","26.5798","26.5798","26.5798","","0.00%"
"06/05/2020","26.5798","26.6333","26.6450","26.5570","1.74K","-0.20%"
"06/04/2020","26.6333","26.7463","26.7750","26.6300","1.95K","-0.42%"
"06/03/2020","26.7463","26.7875","26.8145","26.7026","1.92K","-0.15%"
"06/02/2020","26.7875","26.7950","26.8395","26.7642","1.98K","-0.03%"
"06/01/2020","26.7950","26.9000","26.9000","26.7750","1.27K","-0.39%"
"05/29/2020","26.9000","26.9137","26.9420","26.8155","1.82K","-0.05%"
"05/28/2020","26.9137","26.9725","26.9933","26.8505","1.89K","-0.22%"
"05/27/2020","26.9725","26.9475","27.0434","26.9350","1.94K","0.09%"
"05/26/2020","26.9475","26.8951","26.9648","26.8426","1.48K","0.20%"
"05/25/2020","26.8951","26.8900","26.9298","26.7600","1.07K","0.02%"
"05/22/2020","26.8900","26.7400","26.9000","26.7075","1.31K","0.56%"
"05/21/2020","26.7400","26.7250","26.8640","26.6700","1.46K","0.06%"
"05/20/2020","26.7250","26.5525","26.7375","26.5275","0.88K","0.69%"
"05/19/2020","26.5424","26.5625","26.6235","26.4872","1.05K","-0.08%"
"05/18/2020","26.5625","26.6175","26.6415","26.5565","0.37K","-0.21%"
"05/15/2020","26.6175","26.6750","26.7970","26.6112","0.46K","-0.22%"
"05/14/2020","26.6750","26.6950","26.7145","26.6560","0.65K","-0.11%"
"05/13/2020","26.7050","26.7400","26.7450","26.6581","0.68K","-0.01%"
"05/12/2020","26.7075","26.8448","26.8503","26.7075","0.74K","-0.51%"
"05/11/2020","26.8448","26.8448","26.8448","26.8448","","0.00%"
"05/08/2020","26.8448","26.8350","26.8840","26.7735","0.74K","0.04%"
"05/07/2020","26.8350","26.8500","26.9210","26.7730","0.62K","-0.15%"
"05/06/2020","26.8750","26.9750","26.9960","26.8350","0.61K","-0.25%"
"05/05/2020","26.9425","26.9500","27.0095","26.9290","1.16K","-0.03%"
"05/04/2020","26.9500","26.9350","27.0075","26.9205","0.60K","0.06%"
"05/01/2020","26.9350","26.9750","26.9750","26.9350","","-0.15%"
"04/30/2020","26.9750","26.9350","27.0420","26.9015","0.88K","0.15%"
"04/29/2020","26.9350","27.0313","27.0487","26.9112","1.18K","-0.36%"
"04/28/2020","27.0313","27.1250","27.1250","27.0035","1.35K","-0.35%"
"04/27/2020","27.1250","27.1257","27.1835","27.0565","1.21K","-0.02%"
"04/24/2020","27.1305","27.1050","27.2220","27.0150","1.48K","0.09%"
"04/23/2020","27.1050","27.0150","27.1493","26.9537","1.12K","0.33%"
"04/22/2020","27.0150","27.1175","27.1375","26.9850","1.29K","-0.38%"
"04/21/2020","27.1175","27.0767","27.1420","27.0382","1.01K","0.15%"
"04/20/2020","27.0767","27.0767","27.0767","27.0767","","0.00%"
"04/17/2020","27.0767","27.1200","27.1230","27.0330","1.44K","-0.16%"
"04/16/2020","27.1200","27.2750","27.3220","27.1005","1.78K","-0.57%"
"04/15/2020","27.2750","27.2750","27.3170","27.1593","1.83K","0.00%"
"04/14/2020","27.2750","27.0150","27.2800","26.9225","1.83K","0.96%"
"04/13/2020","27.0150","27.1600","27.1950","26.9700","1.21K","-0.53%"
"04/10/2020","27.1600","27.2800","27.2800","27.1075","1.28K","-0.44%"
"04/09/2020","27.2800","27.3550","27.3550","27.1968","1.77K","-0.27%"
"04/08/2020","27.3550","27.4700","27.4700","27.0600","1.89K","-0.42%"
"04/07/2020","27.4700","27.1350","27.4700","27.0537","1.14K","1.23%"
"04/06/2020","27.1350","27.4700","27.4700","27.1350","0.86K","-1.22%"
"04/03/2020","27.4700","27.5650","27.5650","27.3343","1.59K","-0.34%"
"04/02/2020","27.5650","27.6950","27.6950","27.4400","0.87K","-0.47%"
"04/01/2020","27.6950","27.6225","27.8727","27.6130","1.36K","0.26%"
"03/31/2020","27.6225","28.1150","28.1150","27.5045","1.61K","-1.75%"
"03/30/2020","28.1150","28.1100","28.1733","27.9855","1.18K","0.02%"
"03/27/2020","28.1100","28.2150","28.2950","27.9550","1.07K","-0.37%"
"03/26/2020","28.2150","28.0050","28.2344","28.0050","1.24K","0.75%"
"03/25/2020","28.0050","28.0050","28.0300","27.8300","1.12K","0.00%"
"03/24/2020","28.0050","27.5550","28.0055","27.5550","1.01K","1.63%"
"03/23/2020","27.5550","27.4704","28.2230","27.4704","1.03K","0.31%"
"03/20/2020","27.4704","27.8704","28.0255","27.3405","0.77K","-1.44%"
"03/19/2020","27.8704","27.4250","27.9144","27.4250","0.94K","1.62%"
"03/18/2020","27.4250","27.0130","27.4604","27.0130","1.07K","1.53%"
"03/17/2020","27.0130","26.6980","27.1681","26.6980","0.99K","1.17%"
"03/16/2020","26.7000","26.4100","26.7000","26.0600","0.27K","1.80%"
"03/13/2020","26.2275","26.0475","26.2275","26.0000","0.74K","0.74%"
"03/12/2020","26.0350","25.7250","26.0450","25.7250","0.88K","1.19%"
"03/11/2020","25.7299","25.4199","25.7399","25.4199","1.52K","1.20%"
"03/10/2020","25.4250","25.0075","25.4250","24.9950","1.38K","1.63%"
"03/09/2020","25.0162","25.0162","25.0162","25.0162","","0.00%"
"03/06/2020","25.0162","24.7338","25.0538","24.7338","1.61K","1.16%"
"03/05/2020","24.7300","24.8400","24.8400","24.7050","1.63K","-0.40%"
"03/04/2020","24.8300","25.0050","25.0200","24.8175","1.63K","-0.65%"
"03/03/2020","24.9925","24.8675","25.0150","24.8650","1.73K","0.45%"
"03/02/2020","24.8800","24.6575","24.9090","24.5900","1.10K","0.89%"
"02/28/2020","24.6612","24.5287","24.6612","24.5138","0.53K","0.60%"
"02/27/2020","24.5150","24.6250","24.6250","24.4800","0.93K","-0.46%"
"02/26/2020","24.6275","24.5475","24.6775","24.5475","1.45K","0.35%"
"02/25/2020","24.5425","24.4975","24.5450","24.4775","1.59K","0.12%"
"02/24/2020","24.5125","24.4513","24.5380","24.4513","1.08K","0.24%"
"02/21/2020","24.4537","24.4650","24.4850","24.4249","0.85K","0.02%"
"02/20/2020","24.4500","24.4727","24.5200","24.4450","1.55K","-0.14%"
"02/19/2020","24.4838","24.4411","24.5561","24.4411","1.59K","0.20%"
"02/18/2020","24.4350","24.4050","24.4750","24.3800","1.18K","0.10%"
"02/17/2020","24.4100","24.4900","24.4900","24.4100","0.84K","-0.29%"
"02/14/2020","24.4800","24.4350","24.4800","24.4100","0.84K","0.16%"
"02/13/2020","24.4405","24.5455","24.5705","24.4305","0.72K","-0.47%"
"02/12/2020","24.5550","24.5050","24.5550","24.4450","0.96K","0.21%"
"02/11/2020","24.5025","24.4125","24.5125","24.4125","0.56K","0.15%"
"02/10/2020","24.4650","24.5300","24.5700","24.4600","0.24K","-0.38%"
"02/07/2020","24.5575","24.5175","24.5900","24.4975","0.27K","-0.01%"
"02/06/2020","24.5600","24.6000","24.6125","24.5300","0.29K","-0.45%"
"02/05/2020","24.6700","24.8000","24.8600","24.5800","0.22K","-0.50%"
"02/04/2020","24.7950","24.9500","24.9500","24.7850","0.28K","-0.82%"
"02/03/2020","25.0000","25.1300","25.1400","24.5900","0.24K","-0.13%"
"01/31/2020","25.0325","24.9675","25.0830","24.5975","0.21K","0.50%"
"01/30/2020","24.9075","24.9625","24.9905","24.8100","0.24K","0.13%"
"01/29/2020","24.8750","24.8100","24.8800","24.7500","0.29K","0.41%"
"01/28/2020","24.7725","24.6125","24.7875","24.6025","0.32K","0.63%"
"01/27/2020","24.6175","24.2975","24.6275","24.2975","0.21K","0.74%"
"01/24/2020","24.4375","24.2775","24.4475","24.2075","0.20K","0.66%"
"01/23/2020","24.2775","24.5400","24.5825","24.2675","0.26K","-0.64%"
"01/22/2020","24.4337","24.2455","24.4838","24.2455","0.23K","0.63%"
"01/21/2020","24.2800","24.2400","24.3250","24.2400","0.08K","-0.35%"
"01/20/2020","24.3650","24.2150","24.3680","24.2150","0.11K","0.23%"
"01/17/2020","24.3084","24.1916","24.3591","24.1892","0.20K","0.68%"
"01/16/2020","24.1450","24.0500","24.1875","24.0500","0.25K","0.11%"
"01/15/2020","24.1175","23.9775","24.1175","23.7325","0.28K","1.63%"
"01/14/2020","23.7300","24.0300","24.0575","23.7300","0.26K","-1.46%"
"01/13/2020","24.0813","23.7312","24.0813","23.7312","0.19K","0.48%"
"01/10/2020","23.9672","24.0978","24.0978","23.9103","0.20K","-0.68%"
"01/09/2020","24.1305","24.0980","24.1785","24.0685","0.30K","0.56%"
"01/08/2020","23.9950","23.7805","24.0600","23.7605","0.22K","1.12%"
"01/07/2020","23.7300","23.7300","23.7300","23.7300","","0.00%"
"01/06/2020","23.7300","23.7300","23.7300","23.7300","","0.00%"
"01/03/2020","23.7300","23.6725","23.7700","23.6400","0.17K","0.13%"
"01/02/2020","23.7000","23.7000","23.7000","23.7000","","0.00%"